{"_runtime": 22.46635389328003, "train_iou": 0.11861703544855118, "_timestamp": 1594128947.0872734, "loss": 1.3792061805725098, "train_FNR": 0.006066467612981796, "_step": 1, "train_dice": 0.2120780050754547, "epoch": 0.00021177467174925878, "train_FPR": 0.8753165006637573}
