{"_runtime": 6.410808324813843, "_step": 115, "detailed_loss": [2.6549973487854004], "_timestamp": 1607774603.5442474, "batch_accuracy": [0.0], "train_FPR": NaN, "train_dice_denominator": 0.875, "epoch": 5.0, "train_iou": 0.12500876188278198, "train_dice": 0.12500876188278198, "loss": 1.8254385888576508, "train_conmat": [[0.125, 0.0], [0.875, 0.0]], "train_dice_numerator": 0.0, "train_FNR": NaN, "train_RVD": NaN, "test_dice_numerator": 40956.0, "test_voe": 0.677394449710846, "test_classification_accuracy": NaN, "test_fpr": 0.4919072985649109, "test_fnr": 0.18548716604709625, "test_iou": 0.32260555028915405, "test_dice": 0.48052531480789185, "test_dice_denominator": 89028.5, "test_rvd": 0.7299927473068237}
