{"_step": 3, "detailed_loss": 1.1275575160980225, "_runtime": 68.81026458740234, "_timestamp": 1606845244.26364, "batch_accuracy": 0.800000011920929}
