{"loss": 1.0972620248794556, "_step": 803, "epoch": 200.5, "train_iou": 0.0, "_timestamp": 1592928305.5726664, "_runtime": 9.399532556533813, "test_iou": 0.0}
