{"_step": 4, "train_FPR": 0.9250487685203552, "_runtime": 80.57256150245667, "train_FNR": 0.017419297248125076, "train_dice": 0.10880420356988907, "train_iou": 0.05753196403384209, "epoch": 0.0008470986869970351, "loss": 1.657737135887146, "_timestamp": 1594111798.8548994}
