{"train_FPR": 0.8951629996299744, "epoch": 0.003600169419737399, "train_dice": 0.17276594042778015, "_runtime": 227.3237555027008, "_step": 17, "train_FNR": 0.01028645783662796, "loss": 1.61961829662323, "train_iou": 0.09455052763223648, "_timestamp": 1594112052.1599414}
