{"epoch": 200.5, "_step": 803, "_runtime": 12.021242141723633, "train_iou": 0.0, "loss": 1.1886017322540283, "_timestamp": 1592903280.353039, "test_iou": 0.0}
