{"train_dice_denominator": 81917.0, "train_iou": 0.08661971241235733, "_step": 3, "train_FPR": 0.9101038575172424, "loss": 1.3225674629211426, "train_FNR": 0.0032764270436018705, "train_RVD": 10.087501525878906, "train_dice_numerator": 13060.0, "train_conmat": [[186757.0, 68610.0], [247.0, 6530.0]], "_runtime": 9.83325457572937, "epoch": 0.15, "_timestamp": 1594301997.3221016, "train_dice": 0.159429669380188}
