{"_timestamp": 1607773562.4851737, "_step": 1393, "detailed_loss": [0.33247119188308716], "_runtime": 37.25921034812927, "batch_accuracy": [1.0]}
