{"_timestamp": 1606901750.0084503, "_step": 21, "detailed_loss": 0.0, "_runtime": 31.90343976020813, "batch_accuracy": 1.0}
