{"labs": 2, "Accuracy": 0.0, "detailed_loss": [2.5110769271850586], "_step": 24, "_runtime": 6.903074741363525, "preds": 0, "_timestamp": 1607783357.0935247, "epoch": 3.0, "train_FNR": 1.0, "train_FPR": 0.0, "train_dice": 4.444424121174961e-06, "train_conmat": [[0.3333333432674408, 0.0], [2.3333332538604736, 0.0]], "train_dice_numerator": 0.0, "train_iou": 4.444424121174961e-06, "train_dice_denominator": 2.3333332538604736, "loss": 1.9223734140396118, "train_RVD": -1.0, "batch_accuracy": 1.0, "test_rvd": 0.7349205017089844, "test_fpr": 0.525131106376648, "test_dice_denominator": 178057.0, "test_voe": 0.7012712955474854, "test_dice": 0.46003246307373047, "test_fnr": 0.1761402189731598, "test_iou": 0.29872867465019226, "test_classification_accuracy": NaN, "test_dice_numerator": 81912.0, "examples": {"width": 512, "height": 512, "format": "png", "count": 1, "_type": "images", "captions": [""]}}
