{"epoch": 4.236929073807304e-05, "train_iou": 0.009048985317349434, "_step": 1, "train_FPR": 0.9909510016441345, "loss": 1.9299209117889404, "train_dice": 0.017935672774910927, "_runtime": 11.227080583572388, "_timestamp": 1594110912.5270376, "train_FNR": 0.0}
