{"_runtime": 7.02924370765686, "_step": 319, "_timestamp": 1592928269.1198392, "train_iou": 0.0, "epoch": 79.5, "loss": 1.1028132438659668, "test_iou": 0.0}
