{"train_FNR": 0.03356011211872101, "_timestamp": 1594110952.569265, "train_FPR": 0.4906960725784302, "train_dice": 0.6447511911392212, "loss": 0.9030308723449707, "_runtime": 13.747255325317383, "epoch": 8.473858147614608e-05, "_step": 2, "train_iou": 0.4757438004016876}
