{"epoch": 0.5, "_timestamp": 1592903258.6154397, "_runtime": 4.2390007972717285, "_step": 1, "loss": 1.219463586807251, "train_iou": 0.0}
