{"_runtime": 14.416269063949585, "detailed_loss": [0.25531408190727234], "_timestamp": 1607775078.604736, "_step": 421, "batch_accuracy": 1.0, "train_dice": 0.9375005960464478, "train_conmat": [[0.0, 0.0625], [0.0, 0.9375]], "train_iou": 0.9375005960464478, "train_RVD": Infinity, "loss": 0.5864533772692084, "train_dice_numerator": 1.875, "train_FNR": 0.0, "epoch": 11.0, "train_FPR": 0.0625, "train_dice_denominator": 1.9375, "test_fnr": 0.03595510125160217, "test_iou": 0.02100721374154091, "test_fpr": 0.9430376887321472, "test_rvd": Infinity, "test_dice_numerator": 9584.5, "test_classification_accuracy": NaN, "test_voe": 0.9789928197860718, "test_dice_denominator": 226308.75, "test_dice": 0.04032338410615921}
