{"detailed_loss": 1.0467888116836548, "_timestamp": 1606844766.1256654, "_step": 5, "_runtime": 290.76072573661804, "batch_accuracy": 90595.203125}
