{"loss": 1.4291572570800781, "_runtime": 13.649149894714355, "_timestamp": 1594128906.295271, "train_FPR": 0.8761199116706848, "_step": 0, "train_FNR": 0.05717134848237038, "train_iou": 0.0667087584733963, "epoch": 0.0, "train_dice": 0.12507398426532745}
