{"_step": 1, "_timestamp": 1606901901.1353111, "detailed_loss": 1.102731704711914, "_runtime": 68.57009625434875, "batch_accuracy": 1.0}
