{"batch_accuracy": 1.0, "_timestamp": 1607775880.1670785, "_step": 289, "_runtime": 11.954188108444214, "detailed_loss": [0.2114245891571045], "train_FNR": 0.0, "train_dice": 0.9375005960464478, "epoch": 6.0, "train_dice_numerator": 1.875, "train_RVD": Infinity, "train_dice_denominator": 1.9375, "train_conmat": [[0.0, 0.0625], [0.0, 0.9375]], "train_iou": 0.9375005960464478, "train_FPR": 0.0625, "loss": 0.595511850900948, "test_rvd": Infinity, "test_iou": 0.02028683014214039, "test_dice_numerator": 9170.0, "test_fpr": 0.9425308704376221, "test_dice": 0.038989271968603134, "test_voe": 0.9797132015228271, "test_dice_denominator": 224059.0, "test_classification_accuracy": NaN, "test_fnr": 0.03718233108520508}
