{"preds": 0, "_step": 5, "_runtime": 3.8933017253875732, "_timestamp": 1607783293.4046762, "detailed_loss": [1.5743352174758911], "Accuracy": 0.0, "labs": 2, "train_iou": 4.444424121174961e-06, "train_dice_denominator": 2.3333332538604736, "train_conmat": [[0.3333333432674408, 0.0], [2.3333332538604736, 0.0]], "train_FNR": 1.0, "loss": 1.827719807624817, "train_dice": 4.444424121174961e-06, "train_FPR": 0.0, "train_RVD": -1.0, "epoch": 0.0, "train_dice_numerator": 0.0, "batch_accuracy": 1.0, "test_dice": 0.4600357711315155, "test_iou": 0.2987314760684967, "test_voe": 0.7012685537338257, "test_classification_accuracy": NaN, "test_dice_numerator": 81764.0, "test_fnr": 0.17700143158435822, "test_dice_denominator": 177734.0, "test_fpr": 0.5242670774459839, "test_rvd": 0.7299593091011047}
