{"_step": 3, "_runtime": 26.399550437927246, "_timestamp": 1606897292.9125972, "detailed_loss": 1.1275575160980225, "batch_accuracy": 0.800000011920929}
