{"_step": 37, "_timestamp": 1607775641.7145095, "batch_accuracy": 0.0, "_runtime": 3.233109951019287, "detailed_loss": [4.1745429039001465], "train_RVD": Infinity, "train_FPR": 0.0625, "loss": 0.6085357246920466, "train_dice": 0.9375005960464478, "train_conmat": [[0.0, 0.0625], [0.0, 0.9375]], "train_FNR": 0.0, "train_dice_numerator": 1.875, "train_dice_denominator": 1.9375, "train_iou": 0.9375005960464478, "epoch": 0.0, "test_dice_denominator": 220392.5, "test_iou": 0.019350100308656693, "test_rvd": Infinity, "test_classification_accuracy": NaN, "test_fnr": 0.03893737867474556, "test_dice": 0.037249840795993805, "test_voe": 0.9806498885154724, "test_dice_numerator": 8618.0, "test_fpr": 0.941712498664856}
