{"_runtime": 11.580768585205078, "_timestamp": 1607773519.699455, "detailed_loss": [0.4265008270740509], "_step": 231, "batch_accuracy": [1.0]}
